Ball,Score,Outcome,Innings
79.4,10--260,B Turley to c Hathurusinghe : c Hathurusinghe dismissed,1st Innings - Woodville
79.3,9--260,B Turley to c Hathurusinghe : No Run,1st Innings - Woodville
79.2,9--260,B Turley to c Hathurusinghe : No Run,1st Innings - Woodville
79.1,9--260,B Turley to c Hathurusinghe : No Run,1st Innings - Woodville
78.6,9--260,C Valente to L Connors : 2 runs,1st Innings - Woodville
78.5,9--258,C Valente to L Connors : No Run,1st Innings - Woodville
78.4,9--258,C Valente to L Connors : 4 runs,1st Innings - Woodville
78.3,9--254,C Valente to L Connors : 2 runs,1st Innings - Woodville
78.2,9--252,C Valente to L Connors : No Run,1st Innings - Woodville
78.1,9--252,C Valente to L Connors : 4 runs,1st Innings - Woodville
77.6,9--248,B Turley to c Hathurusinghe : No Run,1st Innings - Woodville
77.5,9--248,B Turley to c Hathurusinghe : 4 runs,1st Innings - Woodville
77.4,9--244,B Turley to c Hathurusinghe : No Run,1st Innings - Woodville
77.3,9--244,B Turley to c Hathurusinghe : No Run,1st Innings - Woodville
77.2,9--244,B Turley to L Connors : 1 run,1st Innings - Woodville
77.1,9--243,B Turley to L Connors : No Run,1st Innings - Woodville
76.6,9--243,C Valente to c Hathurusinghe : No Run,1st Innings - Woodville
76.5,9--243,C Valente to c Hathurusinghe : 4 runs,1st Innings - Woodville
76.4,9--239,C Valente to c Hathurusinghe : No Run,1st Innings - Woodville
76.3,9--239,C Valente to c Hathurusinghe : No Run,1st Innings - Woodville
76.2,9--239,C Valente to c Hathurusinghe : No Run,1st Innings - Woodville
76.1,9--239,C Valente to c Hathurusinghe : No Run,1st Innings - Woodville
75.6,9--239,B Turley to L Connors : No Run,1st Innings - Woodville
75.5,9--239,B Turley to M Tanner : M Tanner dismissed,1st Innings - Woodville
75.4,8--239,B Turley to M Tanner : No Run,1st Innings - Woodville
75.3,8--239,B Turley to M Tanner : No Run,1st Innings - Woodville
75.2,8--239,B Turley to M Tanner : No Run,1st Innings - Woodville
75.1,8--239,B Turley to M Tanner : No Run,1st Innings - Woodville
74.6,8--239,T Andrews to c Hathurusinghe : No Run,1st Innings - Woodville
74.5,8--239,T Andrews to c Hathurusinghe : No Run,1st Innings - Woodville
74.4,8--239,T Andrews to c Hathurusinghe : No Run,1st Innings - Woodville
74.3,8--239,T Andrews to c Hathurusinghe : No Run,1st Innings - Woodville
74.2,8--239,T Andrews to c Hathurusinghe : No Run,1st Innings - Woodville
74.1,8--239,T Andrews to c Hathurusinghe : No Run,1st Innings - Woodville
73.6,8--239,B Turley to M Tanner : No Run,1st Innings - Woodville
73.5,8--239,B Turley to M Tanner : No Run,1st Innings - Woodville
73.4,8--239,B Turley to M Tanner : No Run,1st Innings - Woodville
73.3,8--239,B Turley to M Tanner : No Run,1st Innings - Woodville
73.2,8--239,B Turley to c Hathurusinghe : 1 run,1st Innings - Woodville
73.1,8--238,B Turley to c Hathurusinghe : No Run,1st Innings - Woodville
72.6,8--238,T Andrews to M Tanner : No Run,1st Innings - Woodville
72.5,8--238,T Andrews to M Tanner : No Run,1st Innings - Woodville
72.4,8--238,T Andrews to W Foley : W Foley dismissed,1st Innings - Woodville
72.3,7--238,T Andrews to W Foley : No Run,1st Innings - Woodville
72.2,7--238,T Andrews to W Foley : No Run,1st Innings - Woodville
72.1,7--238,T Andrews to W Foley : No Run,1st Innings - Woodville
71.6,7--238,B Turley to W Foley : 1 run,1st Innings - Woodville
71.5,7--237,B Turley to W Foley : No Run,1st Innings - Woodville
71.4,7--237,B Turley to c Hathurusinghe : 1 run,1st Innings - Woodville
71.3,7--236,B Turley to c Hathurusinghe : No Run,1st Innings - Woodville
71.2,7--236,B Turley to c Hathurusinghe : No Run,1st Innings - Woodville
71.1,7--236,B Turley to c Hathurusinghe : No Run,1st Innings - Woodville
70.6,7--236,T Andrews to W Foley : No Run,1st Innings - Woodville
70.5,7--236,T Andrews to W Foley : No Run,1st Innings - Woodville
70.4,7--236,T Andrews to W Foley : No Run,1st Innings - Woodville
70.3,7--236,T Andrews to W Foley : No Run,1st Innings - Woodville
70.2,7--236,T Andrews to W Foley : No Run,1st Innings - Woodville
70.1,7--236,T Andrews to W Foley : No Run,1st Innings - Woodville
69.6,7--236,B Turley to c Hathurusinghe : No Run,1st Innings - Woodville
69.5,7--236,B Turley to c Hathurusinghe : No Run,1st Innings - Woodville
69.4,7--236,B Turley to C Behrendt : C Behrendt dismissed,1st Innings - Woodville
69.3,6--236,B Turley to C Behrendt : No Run,1st Innings - Woodville
69.2,6--236,B Turley to C Behrendt : No Run,1st Innings - Woodville
69.1,6--236,B Turley to C Behrendt : No Run,1st Innings - Woodville
68.6,6--236,T Andrews to W Foley : No Run,1st Innings - Woodville
68.5,6--236,T Andrews to W Foley : No Run,1st Innings - Woodville
68.4,6--236,T Andrews to W Foley : 2 runs,1st Innings - Woodville
68.3,6--234,T Andrews to W Foley : No Run,1st Innings - Woodville
68.2,6--234,T Andrews to W Foley : No Run,1st Innings - Woodville
68.1,6--234,T Andrews to W Foley : No Run,1st Innings - Woodville
67.6,6--234,B Turley to C Behrendt : No Run,1st Innings - Woodville
67.5,6--234,B Turley to C Behrendt : No Run,1st Innings - Woodville
67.4,6--234,B Turley to C Behrendt : No Run,1st Innings - Woodville
67.3,6--234,B Turley to C Behrendt : No Run,1st Innings - Woodville
67.2,6--234,B Turley to C Behrendt : No Run,1st Innings - Woodville
67.1,6--234,B Turley to A Cahill : A Cahill dismissed,1st Innings - Woodville
66.6,5--234,T Andrews to W Foley : No Run,1st Innings - Woodville
66.5,5--234,T Andrews to W Foley : No Run,1st Innings - Woodville
66.4,5--234,T Andrews to W Foley : No Run,1st Innings - Woodville
66.3,5--234,T Andrews to W Foley : No Run,1st Innings - Woodville
66.2,5--234,T Andrews to W Foley : No Run,1st Innings - Woodville
66.1,5--234,T Andrews to W Foley : No Run,1st Innings - Woodville
65.6,5--234,C Valente to A Cahill : No Run,1st Innings - Woodville
65.5,5--234,C Valente to A Cahill : 2 runs,1st Innings - Woodville
65.4,5--232,C Valente to A Cahill : No Run,1st Innings - Woodville
65.3,5--232,C Valente to A Cahill : No Run,1st Innings - Woodville
65.2,5--232,C Valente to W Foley : 1 run,1st Innings - Woodville
65.1,5--231,C Valente to W Foley : No Run,1st Innings - Woodville
64.6,5--231,T Andrews to A Cahill : No Run,1st Innings - Woodville
64.5,5--231,T Andrews to A Cahill : No Run,1st Innings - Woodville
64.4,5--231,T Andrews to A Cahill : No Run,1st Innings - Woodville
64.3,5--231,T Andrews to A Cahill : No Run,1st Innings - Woodville
64.2,5--231,T Andrews to W Foley : 3 runs,1st Innings - Woodville
64.1,5--228,T Andrews to W Foley : No Run,1st Innings - Woodville
63.6,5--228,C Valente to A Cahill : No Run,1st Innings - Woodville
63.5,5--228,C Valente to A Cahill : No Run,1st Innings - Woodville
63.4,5--228,C Valente to A Cahill : No Run,1st Innings - Woodville
63.3,5--228,C Valente to A Cahill : No Run,1st Innings - Woodville
63.2,5--228,C Valente to A Cahill : 2 runs,1st Innings - Woodville
63.1,5--226,C Valente to A Cahill : 2 runs,1st Innings - Woodville
62.6,5--224,T Andrews to W Foley : No Run,1st Innings - Woodville
62.5,5--224,T Andrews to W Foley : No Run,1st Innings - Woodville
62.4,5--224,T Andrews to W Foley : No Run,1st Innings - Woodville
62.3,5--224,T Andrews to C Vadlja : C Vadlja dismissed,1st Innings - Woodville
62.2,4--224,T Andrews to C Vadlja : No Run,1st Innings - Woodville
62.1,4--224,T Andrews to C Vadlja : No Run,1st Innings - Woodville
61.6,4--224,C Valente to A Cahill : No Run,1st Innings - Woodville
61.5,4--224,C Valente to A Cahill : 4 runs,1st Innings - Woodville
61.4,4--220,C Valente to A Cahill : No Run,1st Innings - Woodville
61.3,4--220,C Valente to A Cahill : No Run,1st Innings - Woodville
61.2,4--220,C Valente to A Cahill : No Run,1st Innings - Woodville
61.1,4--220,C Valente to A Cahill : No Run,1st Innings - Woodville
60.6,4--220,T Andrews to C Vadlja : No Run,1st Innings - Woodville
60.5,4--220,T Andrews to C Vadlja : No Run,1st Innings - Woodville
60.4,4--220,T Andrews to C Vadlja : No Run,1st Innings - Woodville
60.3,4--220,T Andrews to C Vadlja : No Run,1st Innings - Woodville
60.2,4--220,T Andrews to A Cahill : 1 run,1st Innings - Woodville
60.1,4--219,T Andrews to H Cullen : H Cullen dismissed,1st Innings - Woodville
59.6,3--219,C Valente to C Vadlja : No Run,1st Innings - Woodville
59.5,3--219,C Valente to C Vadlja : No Run,1st Innings - Woodville
59.4,3--219,C Valente to C Vadlja : No Run,1st Innings - Woodville
59.3,3--219,C Valente to C Vadlja : No Run,1st Innings - Woodville
59.2,3--219,C Valente to C Vadlja : No Run,1st Innings - Woodville
59.1,3--219,C Valente to C Vadlja : 4 runs,1st Innings - Woodville
58.6,3--215,T Andrews to H Cullen : No Run,1st Innings - Woodville
58.5,3--215,T Andrews to H Cullen : No Run,1st Innings - Woodville
58.4,3--215,T Andrews to H Cullen : No Run,1st Innings - Woodville
58.3,3--215,T Andrews to H Cullen : No Run,1st Innings - Woodville
58.2,3--215,T Andrews to H Cullen : No Run,1st Innings - Woodville
58.1,3--215,T Andrews to H Cullen : No Run,1st Innings - Woodville
57.6,3--215,C Valente to C Vadlja : No Run,1st Innings - Woodville
57.5,3--215,C Valente to C Vadlja : No Run,1st Innings - Woodville
57.4,3--215,C Valente to C Vadlja : No Run,1st Innings - Woodville
57.3,3--215,C Valente to C Vadlja : No Run,1st Innings - Woodville
57.2,3--215,C Valente to C Vadlja : No Run,1st Innings - Woodville
57.1,3--215,C Valente to H Cullen : 1 run,1st Innings - Woodville
56.6,3--214,T Andrews to C Vadlja : No Run,1st Innings - Woodville
56.5,3--214,T Andrews to H Cullen : 1 run,1st Innings - Woodville
56.4,3--213,T Andrews to H Cullen : No Run,1st Innings - Woodville
56.3,3--213,T Andrews to H Cullen : No Run,1st Innings - Woodville
56.2,3--213,T Andrews to H Cullen : No Run,1st Innings - Woodville
56.1,3--213,T Andrews to H Cullen : No Run,1st Innings - Woodville
55.6,3--213,A Whicker to C Vadlja : No Run,1st Innings - Woodville
55.5,3--213,A Whicker to C Vadlja : 4 runs,1st Innings - Woodville
55.4,3--209,A Whicker to C Vadlja : No Run,1st Innings - Woodville
55.3,3--209,A Whicker to C Vadlja : No Run,1st Innings - Woodville
55.2,3--209,A Whicker to C Vadlja : No Run,1st Innings - Woodville
55.1,3--209,A Whicker to C Vadlja : No Run,1st Innings - Woodville
54.6,3--209,T Andrews to H Cullen : No Run,1st Innings - Woodville
54.5,3--209,T Andrews to H Cullen : No Run,1st Innings - Woodville
54.4,3--209,T Andrews to C Vadlja : 1 run,1st Innings - Woodville
54.3,3--208,T Andrews to C Vadlja : No Run,1st Innings - Woodville
54.2,3--208,T Andrews to H Cullen : 1 run,1st Innings - Woodville
54.1,3--207,T Andrews to C Vadlja : 1 run,1st Innings - Woodville
53.6,3--206,A Whicker to H Cullen : No Run,1st Innings - Woodville
53.5,3--206,A Whicker to H Cullen : No Run,1st Innings - Woodville
53.4,3--206,A Whicker to H Cullen : 6 runs,1st Innings - Woodville
53.3,3--200,A Whicker to H Cullen : No Run,1st Innings - Woodville
53.2,3--200,A Whicker to H Cullen : 4 runs,1st Innings - Woodville
53.1,3--196,A Whicker to H Cullen : No Run,1st Innings - Woodville
52.6,3--196,T Andrews to H Cullen : 1 run,1st Innings - Woodville
52.5,3--195,T Andrews to H Cullen : No Run,1st Innings - Woodville
52.4,3--195,T Andrews to H Cullen : No Run,1st Innings - Woodville
52.3,3--195,T Andrews to H Cullen : No Run,1st Innings - Woodville
52.2,3--195,T Andrews to H Cullen : 4 runs,1st Innings - Woodville
52.1,3--191,T Andrews to H Cullen : No Run,1st Innings - Woodville
51.6,3--191,J Kann to C Vadlja : No Run,1st Innings - Woodville
51.5,3--191,J Kann to H Cullen : 3 runs,1st Innings - Woodville
51.4,3--188,J Kann to C Vadlja : 1 run,1st Innings - Woodville
51.3,3--187,J Kann to C Vadlja : No Run,1st Innings - Woodville
51.2,3--187,J Kann to C Vadlja : 4 runs,1st Innings - Woodville
51.1,3--183,J Kann to H Cullen : 1 run,1st Innings - Woodville
50.6,3--182,T Andrews to C Vadlja : No Run,1st Innings - Woodville
50.5,3--182,T Andrews to C Vadlja : No Run,1st Innings - Woodville
50.4,3--182,T Andrews to C Vadlja : No Run,1st Innings - Woodville
50.3,3--182,T Andrews to C Vadlja : No Run,1st Innings - Woodville
50.2,3--182,T Andrews to C Vadlja : 4 runs,1st Innings - Woodville
50.1,3--178,T Andrews to C Vadlja : No Run,1st Innings - Woodville
49.6,3--178,J Kann to H Cullen : No Run,1st Innings - Woodville
49.5,3--178,J Kann to H Cullen : No Run,1st Innings - Woodville
49.4,3--178,J Kann to H Cullen : 2 runs,1st Innings - Woodville
49.3,3--176,J Kann to C Vadlja : 3 runs,1st Innings - Woodville
49.2,3--173,J Kann to C Vadlja : 4 runs,1st Innings - Woodville
49.1,3--169,J Kann to H Cullen : 1 run,1st Innings - Woodville
48.6,3--168,T Andrews to H Cullen : 1 run,1st Innings - Woodville
48.5,3--167,T Andrews to C Vadlja : 1 run,1st Innings - Woodville
48.4,3--166,T Andrews to C Vadlja : No Run,1st Innings - Woodville
48.3,3--166,T Andrews to C Vadlja : No Run,1st Innings - Woodville
48.2,3--166,T Andrews to H Cullen : 1 run,1st Innings - Woodville
48.1,3--165,T Andrews to H Cullen : No Run,1st Innings - Woodville
47.6,3--165,B Turley to C Vadlja : No Run,1st Innings - Woodville
47.5,3--165,B Turley to C Vadlja : 4 runs,1st Innings - Woodville
47.4,3--161,B Turley to C Vadlja : No Run,1st Innings - Woodville
47.3,3--161,B Turley to C Vadlja : No Run,1st Innings - Woodville
47.2,3--161,B Turley to C Vadlja : No Run,1st Innings - Woodville
47.1,3--161,B Turley to C Vadlja : No Run,1st Innings - Woodville
46.6,3--161,T Andrews to H Cullen : No Run,1st Innings - Woodville
46.5,3--161,T Andrews to H Cullen : No Run,1st Innings - Woodville
46.4,3--161,T Andrews to H Cullen : No Run,1st Innings - Woodville
46.3,3--161,T Andrews to C Vadlja : 1 run,1st Innings - Woodville
46.2,3--160,T Andrews to C Vadlja : No Run,1st Innings - Woodville
46.1,3--160,T Andrews to C Vadlja : No Run,1st Innings - Woodville
45.6,3--160,B Turley to H Cullen : 2 runs,1st Innings - Woodville
45.5,3--158,B Turley to H Cullen : No Run,1st Innings - Woodville
45.4,3--158,B Turley to H Cullen : No Run,1st Innings - Woodville
45.3,3--158,B Turley to H Cullen : No Run,1st Innings - Woodville
45.2,3--158,B Turley to H Cullen : No Run,1st Innings - Woodville
45.1,3--158,B Turley to H Cullen : 4 runs,1st Innings - Woodville
44.6,3--154,C Valente to H Cullen : 1 run,1st Innings - Woodville
44.5,3--153,C Valente to H Cullen : No Run,1st Innings - Woodville
44.4,3--153,C Valente to H Cullen : 2 runs,1st Innings - Woodville
44.3,3--151,C Valente to H Cullen : No Run,1st Innings - Woodville
44.2,3--151,C Valente to H Cullen : 4 runs,1st Innings - Woodville
44.1,3--147,C Valente to H Cullen : No Run,1st Innings - Woodville
43.6,3--147,B Turley to C Vadlja : No Run,1st Innings - Woodville
43.5,3--147,B Turley to H Cullen : 1 run,1st Innings - Woodville
43.4,3--146,B Turley to H Cullen : No Run,1st Innings - Woodville
43.3,3--146,B Turley to H Cullen : 2 runs,1st Innings - Woodville
43.2,3--144,B Turley to H Cullen : No Run,1st Innings - Woodville
43.1,3--144,B Turley to H Cullen : No Run,1st Innings - Woodville
42.6,3--144,C Valente to C Vadlja : No Run,1st Innings - Woodville
42.5,3--144,C Valente to C Vadlja : No Run,1st Innings - Woodville
42.4,3--144,C Valente to C Vadlja : No Run,1st Innings - Woodville
42.3,3--144,C Valente to C Vadlja : No Run,1st Innings - Woodville
42.2,3--144,C Valente to C Vadlja : No Run,1st Innings - Woodville
42.1,3--144,C Valente to H Cullen : 1 run,1st Innings - Woodville
41.6,3--143,B Turley to C Vadlja : No Run,1st Innings - Woodville
41.5,3--143,B Turley to C Vadlja : No Run,1st Innings - Woodville
41.4,3--143,B Turley to C Vadlja : No Run,1st Innings - Woodville
41.3,3--143,B Turley to H Cullen : 1 run,1st Innings - Woodville
41.2,3--142,B Turley to H Cullen : 4 runs,1st Innings - Woodville
41.1,3--138,B Turley to H Cullen : 4 runs,1st Innings - Woodville
40.6,3--134,C Valente to C Vadlja : No Run,1st Innings - Woodville
40.5,3--134,C Valente to C Vadlja : No Run,1st Innings - Woodville
40.4,3--134,C Valente to C Vadlja : No Run,1st Innings - Woodville
40.3,3--134,C Valente to H Cullen : 1 run,1st Innings - Woodville
40.2,3--133,C Valente to H Cullen : No Run,1st Innings - Woodville
40.1,3--133,C Valente to H Cullen : No Run,1st Innings - Woodville
39.6,3--133,L Greber to C Vadlja : 4 runs,1st Innings - Woodville
39.5,3--129,L Greber to C Vadlja : No Run,1st Innings - Woodville
39.4,3--129,L Greber to H Cullen : 1 run,1st Innings - Woodville
39.3,3--128,L Greber to C Vadlja : 1 run,1st Innings - Woodville
39.2,3--127,L Greber to C Vadlja : No Run,1st Innings - Woodville
39.1,3--127,L Greber to C Vadlja : 2 runs,1st Innings - Woodville
38.6,3--125,C Valente to H Cullen : 4 runs,1st Innings - Woodville
38.5,3--121,C Valente to C Vadlja : 1 run,1st Innings - Woodville
38.4,3--120,C Valente to C Vadlja : No Run,1st Innings - Woodville
38.3,3--120,C Valente to B Chapman-Lilley : B Chapman-Lilley dismissed,1st Innings - Woodville
38.2,2--120,C Valente to B Chapman-Lilley : No Run,1st Innings - Woodville
38.1,2--120,C Valente to B Chapman-Lilley : No Run,1st Innings - Woodville
37.6,2--120,L Greber to H Cullen : No Run,1st Innings - Woodville
37.5,2--120,L Greber to B Chapman-Lilley : 1 run,1st Innings - Woodville
37.4,2--119,L Greber to H Cullen : 1 run,1st Innings - Woodville
37.3,2--118,L Greber to H Cullen : 4 runs,1st Innings - Woodville
37.2,2--114,L Greber to H Cullen : 4 runs,1st Innings - Woodville
37.1,2--110,L Greber to H Cullen : 2lb,1st Innings - Woodville
36.6,2--108,C Valente to B Chapman-Lilley : No Run,1st Innings - Woodville
36.5,2--108,C Valente to B Chapman-Lilley : No Run,1st Innings - Woodville
36.4,2--108,C Valente to B Chapman-Lilley : No Run,1st Innings - Woodville
36.3,2--108,C Valente to B Chapman-Lilley : No Run,1st Innings - Woodville
36.2,2--108,C Valente to B Chapman-Lilley : No Run,1st Innings - Woodville
36.1,2--108,C Valente to B Chapman-Lilley : 4 runs,1st Innings - Woodville
35.6,2--104,L Greber to H Cullen : No Run,1st Innings - Woodville
35.5,2--104,L Greber to H Cullen : No Run,1st Innings - Woodville
35.4,2--104,L Greber to H Cullen : No Run,1st Innings - Woodville
35.3,2--104,L Greber to H Cullen : No Run,1st Innings - Woodville
35.2,2--104,L Greber to H Cullen : No Run,1st Innings - Woodville
35.1,2--104,L Greber to H Cullen : No Run,1st Innings - Woodville
34.6,2--104,C Valente to B Chapman-Lilley : No Run,1st Innings - Woodville
34.5,2--104,C Valente to B Chapman-Lilley : No Run,1st Innings - Woodville
34.4,2--104,C Valente to B Chapman-Lilley : No Run,1st Innings - Woodville
34.3,2--104,C Valente to B Chapman-Lilley : No Run,1st Innings - Woodville
34.2,2--104,C Valente to B Chapman-Lilley : No Run,1st Innings - Woodville
34.1,2--104,C Valente to B Chapman-Lilley : No Run,1st Innings - Woodville
33.7,2--104,L Greber to H Cullen : No Run,1st Innings - Woodville
33.6,2--104,L Greber to H Cullen : 1wd,1st Innings - Woodville
33.5,2--103,L Greber to H Cullen : 4 runs,1st Innings - Woodville
33.4,2--99,L Greber to H Cullen : No Run,1st Innings - Woodville
33.3,2--99,L Greber to H Cullen : 2 runs,1st Innings - Woodville
33.2,2--97,L Greber to H Cullen : No Run,1st Innings - Woodville
33.1,2--97,L Greber to H Cullen : No Run,1st Innings - Woodville
32.6,2--97,C Valente to B Chapman-Lilley : No Run,1st Innings - Woodville
32.5,2--97,C Valente to B Chapman-Lilley : No Run,1st Innings - Woodville
32.4,2--97,C Valente to B Chapman-Lilley : No Run,1st Innings - Woodville
32.3,2--97,C Valente to B Chapman-Lilley : No Run,1st Innings - Woodville
32.2,2--97,C Valente to B Chapman-Lilley : No Run,1st Innings - Woodville
32.1,2--97,C Valente to B Chapman-Lilley : No Run,1st Innings - Woodville
31.6,2--97,L Greber to H Cullen : No Run,1st Innings - Woodville
31.5,2--97,L Greber to H Cullen : No Run,1st Innings - Woodville
31.4,2--97,L Greber to H Cullen : 2 runs,1st Innings - Woodville
31.3,2--95,L Greber to H Cullen : No Run,1st Innings - Woodville
31.2,2--95,L Greber to H Cullen : No Run,1st Innings - Woodville
31.1,2--95,L Greber to H Cullen : No Run,1st Innings - Woodville
30.6,2--95,C Valente to B Chapman-Lilley : No Run,1st Innings - Woodville
30.5,2--95,C Valente to B Chapman-Lilley : No Run,1st Innings - Woodville
30.4,2--95,C Valente to B Chapman-Lilley : No Run,1st Innings - Woodville
30.3,2--95,C Valente to B Chapman-Lilley : No Run,1st Innings - Woodville
30.2,2--95,C Valente to B Chapman-Lilley : No Run,1st Innings - Woodville
30.1,2--95,C Valente to B Chapman-Lilley : No Run,1st Innings - Woodville
29.6,2--95,L Greber to H Cullen : No Run,1st Innings - Woodville
29.5,2--95,L Greber to H Cullen : 2 runs,1st Innings - Woodville
29.4,2--93,L Greber to H Cullen : No Run,1st Innings - Woodville
29.3,2--93,L Greber to H Cullen : No Run,1st Innings - Woodville
29.2,2--93,L Greber to H Cullen : No Run,1st Innings - Woodville
29.1,2--93,L Greber to H Cullen : 4 runs,1st Innings - Woodville
28.6,2--89,C Valente to B Chapman-Lilley : No Run,1st Innings - Woodville
28.5,2--89,C Valente to H Cullen : 1 run,1st Innings - Woodville
28.4,2--88,C Valente to H Cullen : No Run,1st Innings - Woodville
28.3,2--88,C Valente to H Cullen : No Run,1st Innings - Woodville
28.2,2--88,C Valente to H Cullen : 2 runs,1st Innings - Woodville
28.1,2--86,C Valente to H Cullen : No Run,1st Innings - Woodville
27.6,2--86,B Turley to B Chapman-Lilley : No Run,1st Innings - Woodville
27.5,2--86,B Turley to B Chapman-Lilley : No Run,1st Innings - Woodville
27.4,2--86,B Turley to B Chapman-Lilley : No Run,1st Innings - Woodville
27.3,2--86,B Turley to B Chapman-Lilley : No Run,1st Innings - Woodville
27.2,2--86,B Turley to B Chapman-Lilley : No Run,1st Innings - Woodville
27.1,2--86,B Turley to B Chapman-Lilley : No Run,1st Innings - Woodville
26.6,2--86,T Andrews to H Cullen : No Run,1st Innings - Woodville
26.5,2--86,T Andrews to H Cullen : No Run,1st Innings - Woodville
26.4,2--86,T Andrews to H Cullen : No Run,1st Innings - Woodville
26.3,2--86,T Andrews to H Cullen : No Run,1st Innings - Woodville
26.2,2--86,T Andrews to H Cullen : No Run,1st Innings - Woodville
26.1,2--86,T Andrews to H Cullen : No Run,1st Innings - Woodville
25.6,2--86,B Turley to H Cullen : 3 runs,1st Innings - Woodville
25.5,2--83,B Turley to B Chapman-Lilley : 1 run,1st Innings - Woodville
25.4,2--82,B Turley to B Chapman-Lilley : No Run,1st Innings - Woodville
25.3,2--82,B Turley to B Chapman-Lilley : No Run,1st Innings - Woodville
25.2,2--82,B Turley to B Chapman-Lilley : No Run,1st Innings - Woodville
25.1,2--82,B Turley to B Chapman-Lilley : No Run,1st Innings - Woodville
24.6,2--82,J Kann to H Cullen : No Run,1st Innings - Woodville
24.5,2--82,J Kann to H Cullen : 4 runs,1st Innings - Woodville
24.4,2--78,J Kann to H Cullen : No Run,1st Innings - Woodville
24.3,2--78,J Kann to H Cullen : 4 runs,1st Innings - Woodville
24.2,2--74,J Kann to H Cullen : No Run,1st Innings - Woodville
24.1,2--74,J Kann to H Cullen : No Run,1st Innings - Woodville
23.6,2--74,B Turley to B Chapman-Lilley : No Run,1st Innings - Woodville
23.5,2--74,B Turley to B Chapman-Lilley : No Run,1st Innings - Woodville
23.4,2--74,B Turley to B Chapman-Lilley : No Run,1st Innings - Woodville
23.3,2--74,B Turley to B Chapman-Lilley : No Run,1st Innings - Woodville
23.2,2--74,B Turley to B Chapman-Lilley : 2 runs,1st Innings - Woodville
23.1,2--72,B Turley to B Chapman-Lilley : No Run,1st Innings - Woodville
22.6,2--72,J Kann to H Cullen : No Run,1st Innings - Woodville
22.5,2--72,J Kann to H Cullen : No Run,1st Innings - Woodville
22.4,2--72,J Kann to H Cullen : No Run,1st Innings - Woodville
22.3,2--72,J Kann to B Chapman-Lilley : 1 run,1st Innings - Woodville
22.2,2--71,J Kann to B Chapman-Lilley : 4 runs,1st Innings - Woodville
22.1,2--67,J Kann to B Chapman-Lilley : No Run,1st Innings - Woodville
21.6,2--67,B Turley to H Cullen : No Run,1st Innings - Woodville
21.5,2--67,B Turley to H Cullen : No Run,1st Innings - Woodville
21.4,2--67,B Turley to H Cullen : No Run,1st Innings - Woodville
21.3,2--67,B Turley to H Cullen : No Run,1st Innings - Woodville
21.2,2--67,B Turley to H Cullen : No Run,1st Innings - Woodville
21.1,2--67,B Turley to H Cullen : No Run,1st Innings - Woodville
20.6,2--67,J Kann to B Chapman-Lilley : No Run,1st Innings - Woodville
20.5,2--67,J Kann to B Chapman-Lilley : No Run,1st Innings - Woodville
20.4,2--67,J Kann to B Chapman-Lilley : No Run,1st Innings - Woodville
20.3,2--67,J Kann to H Cullen : 1 run,1st Innings - Woodville
20.2,2--66,J Kann to H Cullen : No Run,1st Innings - Woodville
20.1,2--66,J Kann to H Cullen : No Run,1st Innings - Woodville
19.6,2--66,B Turley to B Chapman-Lilley : 2 runs,1st Innings - Woodville
19.5,2--64,B Turley to B Chapman-Lilley : 2 runs,1st Innings - Woodville
19.4,2--62,B Turley to B Chapman-Lilley : No Run,1st Innings - Woodville
19.3,2--62,B Turley to B Chapman-Lilley : 2 runs,1st Innings - Woodville
19.2,2--60,B Turley to H Cullen : 1 run,1st Innings - Woodville
19.1,2--59,B Turley to H Cullen : No Run,1st Innings - Woodville
18.6,2--59,J Kann to B Chapman-Lilley : No Run,1st Innings - Woodville
18.5,2--59,J Kann to B Chapman-Lilley : No Run,1st Innings - Woodville
18.4,2--59,J Kann to H Cullen : 1 run,1st Innings - Woodville
18.3,2--58,J Kann to H Cullen : No Run,1st Innings - Woodville
18.2,2--58,J Kann to B Rimmer : B Rimmer dismissed,1st Innings - Woodville
18.1,1--58,J Kann to B Rimmer : No Run,1st Innings - Woodville
17.6,1--58,B Turley to B Chapman-Lilley : No Run,1st Innings - Woodville
17.5,1--58,B Turley to B Chapman-Lilley : No Run,1st Innings - Woodville
17.4,1--58,B Turley to B Chapman-Lilley : No Run,1st Innings - Woodville
17.3,1--58,B Turley to B Rimmer : 1 run,1st Innings - Woodville
17.2,1--57,B Turley to B Rimmer : No Run,1st Innings - Woodville
17.1,1--57,B Turley to B Rimmer : No Run,1st Innings - Woodville
16.6,1--57,J Kann to B Chapman-Lilley : No Run,1st Innings - Woodville
16.5,1--57,J Kann to B Rimmer : 1 run,1st Innings - Woodville
16.4,1--56,J Kann to B Rimmer : No Run,1st Innings - Woodville
16.3,1--56,J Kann to B Rimmer : No Run,1st Innings - Woodville
16.2,1--56,J Kann to B Rimmer : No Run,1st Innings - Woodville
16.1,1--56,J Kann to B Rimmer : No Run,1st Innings - Woodville
15.6,1--56,B Turley to B Rimmer : 1 run,1st Innings - Woodville
15.5,1--55,B Turley to B Rimmer : No Run,1st Innings - Woodville
15.4,1--55,B Turley to B Rimmer : No Run,1st Innings - Woodville
15.3,1--55,B Turley to B Rimmer : No Run,1st Innings - Woodville
15.2,1--55,B Turley to B Rimmer : 4 runs,1st Innings - Woodville
15.1,1--51,B Turley to B Rimmer : No Run,1st Innings - Woodville
14.6,1--51,J Kann to B Chapman-Lilley : No Run,1st Innings - Woodville
14.5,1--51,J Kann to B Chapman-Lilley : 2 runs,1st Innings - Woodville
14.4,1--49,J Kann to B Chapman-Lilley : No Run,1st Innings - Woodville
14.3,1--49,J Kann to B Rimmer : 1 run,1st Innings - Woodville
14.2,1--48,J Kann to B Rimmer : 4 runs,1st Innings - Woodville
14.1,1--44,J Kann to B Rimmer : No Run,1st Innings - Woodville
13.6,1--44,B Turley to B Chapman-Lilley : No Run,1st Innings - Woodville
13.5,1--44,B Turley to B Chapman-Lilley : No Run,1st Innings - Woodville
13.4,1--44,B Turley to B Chapman-Lilley : No Run,1st Innings - Woodville
13.3,1--44,B Turley to B Chapman-Lilley : No Run,1st Innings - Woodville
13.2,1--44,B Turley to B Chapman-Lilley : No Run,1st Innings - Woodville
13.1,1--44,B Turley to B Chapman-Lilley : No Run,1st Innings - Woodville
12.6,1--44,J Kann to B Rimmer : No Run,1st Innings - Woodville
12.5,1--44,J Kann to B Rimmer : No Run,1st Innings - Woodville
12.4,1--44,J Kann to B Rimmer : No Run,1st Innings - Woodville
12.3,1--44,J Kann to B Rimmer : No Run,1st Innings - Woodville
12.2,1--44,J Kann to B Rimmer : No Run,1st Innings - Woodville
12.1,1--44,J Kann to B Rimmer : No Run,1st Innings - Woodville
11.6,1--44,L Greber to B Chapman-Lilley : 4 runs,1st Innings - Woodville
11.5,1--40,L Greber to B Chapman-Lilley : No Run,1st Innings - Woodville
11.4,1--40,L Greber to B Chapman-Lilley : No Run,1st Innings - Woodville
11.3,1--40,L Greber to B Chapman-Lilley : 4 runs,1st Innings - Woodville
11.2,1--36,L Greber to B Chapman-Lilley : No Run,1st Innings - Woodville
11.1,1--36,L Greber to B Chapman-Lilley : 4 runs,1st Innings - Woodville
10.6,1--32,C Valente to B Rimmer : No Run,1st Innings - Woodville
10.5,1--32,C Valente to B Rimmer : 2 runs,1st Innings - Woodville
10.4,1--30,C Valente to B Rimmer : No Run,1st Innings - Woodville
10.3,1--30,C Valente to B Chapman-Lilley : 1 run,1st Innings - Woodville
10.2,1--29,C Valente to B Chapman-Lilley : No Run,1st Innings - Woodville
10.1,1--29,C Valente to B Chapman-Lilley : 2 runs,1st Innings - Woodville
9.6,1--27,L Greber to B Rimmer : No Run,1st Innings - Woodville
9.5,1--27,L Greber to B Rimmer : No Run,1st Innings - Woodville
9.4,1--27,L Greber to B Rimmer : No Run,1st Innings - Woodville
9.3,1--27,L Greber to B Rimmer : No Run,1st Innings - Woodville
9.2,1--27,L Greber to B Rimmer : No Run,1st Innings - Woodville
9.1,1--27,L Greber to B Rimmer : No Run,1st Innings - Woodville
8.6,1--27,C Valente to B Chapman-Lilley : No Run,1st Innings - Woodville
8.5,1--27,C Valente to B Rimmer : 1 run,1st Innings - Woodville
8.4,1--26,C Valente to B Rimmer : 2lb,1st Innings - Woodville
8.3,1--24,C Valente to B Chapman-Lilley : 1 run,1st Innings - Woodville
8.2,1--23,C Valente to B Chapman-Lilley : No Run,1st Innings - Woodville
8.1,1--23,C Valente to B Rimmer : 1 run,1st Innings - Woodville
7.6,1--22,L Greber to B Chapman-Lilley : No Run,1st Innings - Woodville
7.5,1--22,L Greber to B Chapman-Lilley : No Run,1st Innings - Woodville
7.4,1--22,L Greber to B Chapman-Lilley : No Run,1st Innings - Woodville
7.3,1--22,L Greber to B Chapman-Lilley : No Run,1st Innings - Woodville
7.2,1--22,L Greber to B Chapman-Lilley : No Run,1st Innings - Woodville
7.1,1--22,L Greber to B Chapman-Lilley : No Run,1st Innings - Woodville
6.6,1--22,C Valente to B Rimmer : No Run,1st Innings - Woodville
6.5,1--22,C Valente to B Rimmer : 4 runs,1st Innings - Woodville
6.4,1--18,C Valente to B Rimmer : No Run,1st Innings - Woodville
6.3,1--18,C Valente to B Rimmer : No Run,1st Innings - Woodville
6.2,1--18,C Valente to B Rimmer : No Run,1st Innings - Woodville
6.1,1--18,C Valente to B Chapman-Lilley : 1 run,1st Innings - Woodville
5.6,1--17,L Greber to B Rimmer : No Run,1st Innings - Woodville
5.5,1--17,L Greber to B Rimmer : No Run,1st Innings - Woodville
5.4,1--17,L Greber to B Rimmer : 4 runs,1st Innings - Woodville
5.3,1--13,L Greber to B Rimmer : No Run,1st Innings - Woodville
5.2,1--13,L Greber to B Chapman-Lilley : 3 runs,1st Innings - Woodville
5.1,1--10,L Greber to B Chapman-Lilley : No Run,1st Innings - Woodville
4.6,1--10,C Valente to B Rimmer : No Run,1st Innings - Woodville
4.5,1--10,C Valente to B Rimmer : 2 runs,1st Innings - Woodville
4.4,1--8,C Valente to B Rimmer : No Run,1st Innings - Woodville
4.3,1--8,C Valente to B Rimmer : No Run,1st Innings - Woodville
4.2,1--8,C Valente to B Rimmer : 4 runs,1st Innings - Woodville
4.1,1--4,C Valente to B Rimmer : No Run,1st Innings - Woodville
3.6,1--4,L Greber to B Chapman-Lilley : No Run,1st Innings - Woodville
3.5,1--4,L Greber to B Chapman-Lilley : No Run,1st Innings - Woodville
3.4,1--4,L Greber to B Chapman-Lilley : No Run,1st Innings - Woodville
3.3,1--4,L Greber to B Chapman-Lilley : No Run,1st Innings - Woodville
3.2,1--4,L Greber to B Chapman-Lilley : No Run,1st Innings - Woodville
3.1,1--4,L Greber to B Chapman-Lilley : No Run,1st Innings - Woodville
2.6,1--4,C Valente to B Rimmer : No Run,1st Innings - Woodville
2.5,1--4,C Valente to B Rimmer : No Run,1st Innings - Woodville
2.4,1--4,C Valente to B Rimmer : No Run,1st Innings - Woodville
2.3,1--4,C Valente to B Rimmer : No Run,1st Innings - Woodville
2.2,1--4,C Valente to B Rimmer : No Run,1st Innings - Woodville
2.1,1--4,C Valente to B Rimmer : No Run,1st Innings - Woodville
1.8,1--4,L Greber to B Chapman-Lilley : No Run,1st Innings - Woodville
1.7,1--4,L Greber to B Chapman-Lilley : No Run,1st Innings - Woodville
1.6,1--4,L Greber to D Hoogenboezem : D Hoogenboezem dismissed,1st Innings - Woodville
1.5,0--4,L Greber to D Hoogenboezem : 1nb,1st Innings - Woodville
1.4,0--3,L Greber to D Hoogenboezem : No Run,1st Innings - Woodville
1.3,0--3,L Greber to D Hoogenboezem : No Run,1st Innings - Woodville
1.2,0--3,L Greber to D Hoogenboezem : 1wd,1st Innings - Woodville
1.1,0--2,L Greber to D Hoogenboezem : No Run,1st Innings - Woodville
0.6,0--2,C Valente to B Rimmer : No Run,1st Innings - Woodville
0.5,0--2,C Valente to B Rimmer : No Run,1st Innings - Woodville
0.4,0--2,C Valente to B Rimmer : No Run,1st Innings - Woodville
0.3,0--2,C Valente to B Rimmer : No Run,1st Innings - Woodville
0.2,0--2,C Valente to B Rimmer : No Run,1st Innings - Woodville
0.1,0--2,C Valente to B Rimmer : 2 runs,1st Innings - Woodville
89.6,9--362,L Connors to J Kann : 6 runs,1st Innings - Port Adelaide
89.5,9--356,L Connors to J Kann : No Run,1st Innings - Port Adelaide
89.4,9--356,L Connors to J Kann : No Run,1st Innings - Port Adelaide
89.3,9--356,L Connors to J Kann : 6 runs,1st Innings - Port Adelaide
89.2,9--350,L Connors to J Kann : 4 runs,1st Innings - Port Adelaide
89.1,9--346,L Connors to J Kann : 2 runs,1st Innings - Port Adelaide
88.6,9--344,B Chapman-Lilley to L Greber : L Greber dismissed,1st Innings - Port Adelaide
88.5,8--344,B Chapman-Lilley to B Turley : B Turley dismissed,1st Innings - Port Adelaide
88.4,7--344,B Chapman-Lilley to J Kann : 1 run,1st Innings - Port Adelaide
88.3,7--343,B Chapman-Lilley to J Kann : 6 runs,1st Innings - Port Adelaide
88.2,7--337,B Chapman-Lilley to J Kann : 6 runs,1st Innings - Port Adelaide
88.1,7--331,B Chapman-Lilley to B Turley : 1 run,1st Innings - Port Adelaide
87.6,7--330,M Tanner to J Kann : 4 runs,1st Innings - Port Adelaide
87.5,7--326,M Tanner to B Turley : 1 run,1st Innings - Port Adelaide
87.4,7--325,M Tanner to B Turley : No Run,1st Innings - Port Adelaide
87.3,7--325,M Tanner to B Turley : No Run,1st Innings - Port Adelaide
87.2,7--325,M Tanner to B Turley : 2 runs,1st Innings - Port Adelaide
87.1,7--323,M Tanner to B Turley : No Run,1st Innings - Port Adelaide
86.6,7--323,B Chapman-Lilley to B Turley : 1 run,1st Innings - Port Adelaide
86.5,7--322,B Chapman-Lilley to B Turley : No Run,1st Innings - Port Adelaide
86.4,7--322,B Chapman-Lilley to B Turley : No Run,1st Innings - Port Adelaide
86.3,7--322,B Chapman-Lilley to B Turley : 4 runs,1st Innings - Port Adelaide
86.2,7--318,B Chapman-Lilley to B Turley : 2 runs,1st Innings - Port Adelaide
86.1,7--316,B Chapman-Lilley to B Turley : No Run,1st Innings - Port Adelaide
85.6,7--316,M Tanner to J Kann : 2 runs,1st Innings - Port Adelaide
85.5,7--314,M Tanner to B Turley : 1 run,1st Innings - Port Adelaide
85.4,7--313,M Tanner to B Turley : No Run,1st Innings - Port Adelaide
85.3,7--313,M Tanner to J Kann : 1 run,1st Innings - Port Adelaide
85.2,7--312,M Tanner to B Turley : 1 run,1st Innings - Port Adelaide
85.1,7--311,M Tanner to B Turley : No Run,1st Innings - Port Adelaide
84.6,7--311,B Chapman-Lilley to J Kann : 6 runs,1st Innings - Port Adelaide
84.5,7--305,B Chapman-Lilley to J Kann : No Run,1st Innings - Port Adelaide
84.4,7--305,B Chapman-Lilley to B Turley : 1 run,1st Innings - Port Adelaide
84.3,7--304,B Chapman-Lilley to B Turley : No Run,1st Innings - Port Adelaide
84.2,7--304,B Chapman-Lilley to J Kann : 1 run,1st Innings - Port Adelaide
84.1,7--303,B Chapman-Lilley to J Kann : No Run,1st Innings - Port Adelaide
83.6,7--303,M Tanner to B Turley : 2 runs,1st Innings - Port Adelaide
83.5,7--301,M Tanner to B Turley : No Run,1st Innings - Port Adelaide
83.4,7--301,M Tanner to J Kann : 1 run,1st Innings - Port Adelaide
83.3,7--300,M Tanner to J Kann : 2 runs,1st Innings - Port Adelaide
83.2,7--298,M Tanner to B Turley : 1 run,1st Innings - Port Adelaide
83.1,7--297,M Tanner to J Kann : 1 run,1st Innings - Port Adelaide
82.6,7--296,A Clarke to B Turley : 4 runs,1st Innings - Port Adelaide
82.5,7--292,A Clarke to B Turley : No Run,1st Innings - Port Adelaide
82.4,7--292,A Clarke to J Kann : 1 run,1st Innings - Port Adelaide
82.3,7--291,A Clarke to J Kann : 2 runs,1st Innings - Port Adelaide
82.2,7--289,A Clarke to J Kann : No Run,1st Innings - Port Adelaide
82.1,7--289,A Clarke to B Turley : 1 run,1st Innings - Port Adelaide
81.6,7--288,M Tanner to B Turley : 1 run,1st Innings - Port Adelaide
81.5,7--287,M Tanner to B Turley : No Run,1st Innings - Port Adelaide
81.4,7--287,M Tanner to B Turley : No Run,1st Innings - Port Adelaide
81.3,7--287,M Tanner to J Kann : 1 run,1st Innings - Port Adelaide
81.2,7--286,M Tanner to B Turley : 1 run,1st Innings - Port Adelaide
81.1,7--285,M Tanner to J Kann : 1 run,1st Innings - Port Adelaide
80.6,7--284,A Clarke to J Kann : 1 run,1st Innings - Port Adelaide
80.5,7--283,A Clarke to B Turley : 1 run,1st Innings - Port Adelaide
80.4,7--282,A Clarke to B Turley : No Run,1st Innings - Port Adelaide
80.3,7--282,A Clarke to B Turley : No Run,1st Innings - Port Adelaide
80.2,7--282,A Clarke to B Turley : No Run,1st Innings - Port Adelaide
80.1,7--282,A Clarke to B Turley : No Run,1st Innings - Port Adelaide
79.6,7--282,M Tanner to B Turley : 1 run,1st Innings - Port Adelaide
79.5,7--281,M Tanner to B Turley : 4 runs,1st Innings - Port Adelaide
79.4,7--277,M Tanner to B Turley : No Run,1st Innings - Port Adelaide
79.3,7--277,M Tanner to B Turley : No Run,1st Innings - Port Adelaide
79.2,7--277,M Tanner to B Turley : No Run,1st Innings - Port Adelaide
79.1,7--277,M Tanner to J Kann : 1 run,1st Innings - Port Adelaide
78.6,7--276,A Clarke to J Kann : 1 run,1st Innings - Port Adelaide
78.5,7--275,A Clarke to B Turley : 1 run,1st Innings - Port Adelaide
78.4,7--274,A Clarke to B Turley : 2 runs,1st Innings - Port Adelaide
78.3,7--272,A Clarke to B Turley : No Run,1st Innings - Port Adelaide
78.2,7--272,A Clarke to B Turley : No Run,1st Innings - Port Adelaide
78.1,7--272,A Clarke to B Turley : 4 runs,1st Innings - Port Adelaide
77.6,7--268,M Tanner to B Turley : 1 run,1st Innings - Port Adelaide
77.5,7--267,M Tanner to B Turley : No Run,1st Innings - Port Adelaide
77.4,7--267,M Tanner to B Turley : No Run,1st Innings - Port Adelaide
77.3,7--267,M Tanner to B Turley : No Run,1st Innings - Port Adelaide
77.2,7--267,M Tanner to J Kann : 1 run,1st Innings - Port Adelaide
77.1,7--266,M Tanner to J Kann : No Run,1st Innings - Port Adelaide
76.6,7--266,A Clarke to B Turley : No Run,1st Innings - Port Adelaide
76.5,7--266,A Clarke to B Turley : No Run,1st Innings - Port Adelaide
76.4,7--266,A Clarke to J Kann : 1 run,1st Innings - Port Adelaide
76.3,7--265,A Clarke to B Turley : 1 run,1st Innings - Port Adelaide
76.2,7--264,A Clarke to J Kann : 1 run,1st Innings - Port Adelaide
76.1,7--263,A Clarke to J Kann : 4 runs,1st Innings - Port Adelaide
75.6,7--259,M Tanner to B Turley : No Run,1st Innings - Port Adelaide
75.5,7--259,M Tanner to B Turley : No Run,1st Innings - Port Adelaide
75.4,7--259,M Tanner to B Turley : No Run,1st Innings - Port Adelaide
75.3,7--259,M Tanner to B Turley : No Run,1st Innings - Port Adelaide
75.2,7--259,M Tanner to B Turley : No Run,1st Innings - Port Adelaide
75.1,7--259,M Tanner to J Kann : 1 run,1st Innings - Port Adelaide
74.6,7--258,A Clarke to K Jones : K Jones dismissed,1st Innings - Port Adelaide
74.5,6--258,A Clarke to K Jones : No Run,1st Innings - Port Adelaide
74.4,6--258,A Clarke to K Jones : No Run,1st Innings - Port Adelaide
74.3,6--258,A Clarke to K Jones : No Run,1st Innings - Port Adelaide
74.2,6--258,A Clarke to K Jones : 4 runs,1st Innings - Port Adelaide
74.1,6--254,A Clarke to K Jones : No Run,1st Innings - Port Adelaide
73.6,6--254,M Tanner to J Kann : No Run,1st Innings - Port Adelaide
73.5,6--254,M Tanner to J Kann : No Run,1st Innings - Port Adelaide
73.4,6--254,M Tanner to J Kann : No Run,1st Innings - Port Adelaide
73.3,6--254,M Tanner to J Kann : No Run,1st Innings - Port Adelaide
73.2,6--254,M Tanner to J Kann : No Run,1st Innings - Port Adelaide
73.1,6--254,M Tanner to J Kann : No Run,1st Innings - Port Adelaide
72.6,6--254,A Clarke to K Jones : No Run,1st Innings - Port Adelaide
72.5,6--254,A Clarke to J Kann : 1 run,1st Innings - Port Adelaide
72.4,6--253,A Clarke to J Kann : 4 runs,1st Innings - Port Adelaide
72.3,6--249,A Clarke to J Kann : 2 runs,1st Innings - Port Adelaide
72.2,6--247,A Clarke to J Kann : No Run,1st Innings - Port Adelaide
72.1,6--247,A Clarke to J Kann : No Run,1st Innings - Port Adelaide
71.6,6--247,M Tanner to K Jones : No Run,1st Innings - Port Adelaide
71.5,6--247,M Tanner to K Jones : No Run,1st Innings - Port Adelaide
71.4,6--247,M Tanner to K Jones : No Run,1st Innings - Port Adelaide
71.3,6--247,M Tanner to K Jones : No Run,1st Innings - Port Adelaide
71.2,6--247,M Tanner to K Jones : 2 runs,1st Innings - Port Adelaide
71.1,6--245,M Tanner to J Kann : 1 run,1st Innings - Port Adelaide
70.6,6--244,A Clarke to K Jones : 4 runs,1st Innings - Port Adelaide
70.5,6--240,A Clarke to W Forster : W Forster dismissed,1st Innings - Port Adelaide
70.4,5--240,A Clarke to W Forster : No Run,1st Innings - Port Adelaide
70.3,5--240,A Clarke to W Forster : No Run,1st Innings - Port Adelaide
70.2,5--240,A Clarke to W Forster : No Run,1st Innings - Port Adelaide
70.1,5--240,A Clarke to J Kann : 1 run,1st Innings - Port Adelaide
69.6,5--239,M Tanner to C Valente : C Valente dismissed,1st Innings - Port Adelaide
69.5,4--239,M Tanner to C Valente : No Run,1st Innings - Port Adelaide
69.4,4--239,M Tanner to C Valente : No Run,1st Innings - Port Adelaide
69.3,4--239,M Tanner to C Valente : No Run,1st Innings - Port Adelaide
69.2,4--239,M Tanner to C Valente : 4 runs,1st Innings - Port Adelaide
69.1,4--235,M Tanner to C Valente : No Run,1st Innings - Port Adelaide
68.6,4--235,B Chapman-Lilley to C Valente : 1 run,1st Innings - Port Adelaide
68.5,4--234,B Chapman-Lilley to C Valente : No Run,1st Innings - Port Adelaide
68.4,4--234,B Chapman-Lilley to C Valente : No Run,1st Innings - Port Adelaide
68.3,4--234,B Chapman-Lilley to C Valente : No Run,1st Innings - Port Adelaide
68.2,4--234,B Chapman-Lilley to C Valente : No Run,1st Innings - Port Adelaide
68.1,4--234,B Chapman-Lilley to C Valente : 2 runs,1st Innings - Port Adelaide
67.6,4--232,M Tanner to J Kann : No Run,1st Innings - Port Adelaide
67.5,4--232,M Tanner to C Valente : 1 run,1st Innings - Port Adelaide
67.4,4--231,M Tanner to C Valente : No Run,1st Innings - Port Adelaide
67.3,4--231,M Tanner to J Kann : 1 run,1st Innings - Port Adelaide
67.2,4--230,M Tanner to J Kann : 6 runs,1st Innings - Port Adelaide
67.1,4--224,M Tanner to J Kann : No Run,1st Innings - Port Adelaide
66.6,4--224,B Chapman-Lilley to C Valente : No Run,1st Innings - Port Adelaide
66.5,4--224,B Chapman-Lilley to C Valente : No Run,1st Innings - Port Adelaide
66.4,4--224,B Chapman-Lilley to C Valente : No Run,1st Innings - Port Adelaide
66.3,4--224,B Chapman-Lilley to C Valente : No Run,1st Innings - Port Adelaide
66.2,4--224,B Chapman-Lilley to Z McCabe : Z McCabe dismissed,1st Innings - Port Adelaide
66.1,3--224,B Chapman-Lilley to Z McCabe : No Run,1st Innings - Port Adelaide
65.6,3--224,W Rayner to J Kann : No Run,1st Innings - Port Adelaide
65.5,3--224,W Rayner to J Kann : 4 runs,1st Innings - Port Adelaide
65.4,3--220,W Rayner to Z McCabe : 1 run,1st Innings - Port Adelaide
65.3,3--219,W Rayner to J Kann : 1 run,1st Innings - Port Adelaide
65.2,3--218,W Rayner to J Kann : No Run,1st Innings - Port Adelaide
65.1,3--218,W Rayner to J Kann : 4 runs,1st Innings - Port Adelaide
64.6,3--214,B Chapman-Lilley to Z McCabe : No Run,1st Innings - Port Adelaide
64.5,3--214,B Chapman-Lilley to Z McCabe : No Run,1st Innings - Port Adelaide
64.4,3--214,B Chapman-Lilley to Z McCabe : No Run,1st Innings - Port Adelaide
64.3,3--214,B Chapman-Lilley to Z McCabe : No Run,1st Innings - Port Adelaide
64.2,3--214,B Chapman-Lilley to Z McCabe : No Run,1st Innings - Port Adelaide
64.1,3--214,B Chapman-Lilley to Z McCabe : No Run,1st Innings - Port Adelaide
63.6,3--214,M Tanner to J Kann : 4 runs,1st Innings - Port Adelaide
63.5,3--210,M Tanner to Z McCabe : 1 run,1st Innings - Port Adelaide
63.4,3--209,M Tanner to Z McCabe : No Run,1st Innings - Port Adelaide
63.3,3--209,M Tanner to J Kann : 1 run,1st Innings - Port Adelaide
63.2,3--208,M Tanner to J Kann : No Run,1st Innings - Port Adelaide
63.1,3--208,M Tanner to J Kann : No Run,1st Innings - Port Adelaide
62.6,3--208,B Chapman-Lilley to Z McCabe : No Run,1st Innings - Port Adelaide
62.5,3--208,B Chapman-Lilley to Z McCabe : No Run,1st Innings - Port Adelaide
62.4,3--208,B Chapman-Lilley to Z McCabe : No Run,1st Innings - Port Adelaide
62.3,3--208,B Chapman-Lilley to Z McCabe : No Run,1st Innings - Port Adelaide
62.2,3--208,B Chapman-Lilley to Z McCabe : No Run,1st Innings - Port Adelaide
62.1,3--208,B Chapman-Lilley to Z McCabe : No Run,1st Innings - Port Adelaide
61.6,3--208,M Tanner to J Kann : No Run,1st Innings - Port Adelaide
61.5,3--208,M Tanner to Z McCabe : 1 run,1st Innings - Port Adelaide
61.4,3--207,M Tanner to Z McCabe : No Run,1st Innings - Port Adelaide
61.3,3--207,M Tanner to J Kann : 1 run,1st Innings - Port Adelaide
61.2,3--206,M Tanner to J Kann : 4 runs,1st Innings - Port Adelaide
61.1,3--202,M Tanner to J Kann : 4 runs,1st Innings - Port Adelaide
60.6,3--198,C Behrendt to Z McCabe : 2 runs,1st Innings - Port Adelaide
60.5,3--196,C Behrendt to Z McCabe : No Run,1st Innings - Port Adelaide
60.4,3--196,C Behrendt to Z McCabe : No Run,1st Innings - Port Adelaide
60.3,3--196,C Behrendt to J Kann : 1 run,1st Innings - Port Adelaide
60.2,3--195,C Behrendt to J Kann : No Run,1st Innings - Port Adelaide
60.1,3--195,C Behrendt to J Kann : No Run,1st Innings - Port Adelaide
59.6,3--195,M Tanner to Z McCabe : No Run,1st Innings - Port Adelaide
59.5,3--195,M Tanner to J Kann : 1 run,1st Innings - Port Adelaide
59.4,3--194,M Tanner to J Kann : No Run,1st Innings - Port Adelaide
59.3,3--194,M Tanner to Z McCabe : 1 run,1st Innings - Port Adelaide
59.2,3--193,M Tanner to Z McCabe : 4 runs,1st Innings - Port Adelaide
59.1,3--189,M Tanner to Z McCabe : No Run,1st Innings - Port Adelaide
58.6,3--189,C Behrendt to J Kann : No Run,1st Innings - Port Adelaide
58.5,3--189,C Behrendt to Z McCabe : 1 run,1st Innings - Port Adelaide
58.4,3--188,C Behrendt to Z McCabe : 4 runs,1st Innings - Port Adelaide
58.3,3--184,C Behrendt to Z McCabe : No Run,1st Innings - Port Adelaide
58.2,3--184,C Behrendt to Z McCabe : No Run,1st Innings - Port Adelaide
58.1,3--184,C Behrendt to J Kann : 1 run,1st Innings - Port Adelaide
57.6,3--183,M Tanner to Z McCabe : No Run,1st Innings - Port Adelaide
57.5,3--183,M Tanner to Z McCabe : 4 runs,1st Innings - Port Adelaide
57.4,3--179,M Tanner to J Kann : 1 run,1st Innings - Port Adelaide
57.3,3--178,M Tanner to J Kann : No Run,1st Innings - Port Adelaide
57.2,3--178,M Tanner to J Kann : No Run,1st Innings - Port Adelaide
57.1,3--178,M Tanner to J Kann : No Run,1st Innings - Port Adelaide
56.6,3--178,L Connors to Z McCabe : No Run,1st Innings - Port Adelaide
56.5,3--178,L Connors to Z McCabe : No Run,1st Innings - Port Adelaide
56.4,3--178,L Connors to J Kann : 1 run,1st Innings - Port Adelaide
56.3,3--177,L Connors to J Kann : 4 runs,1st Innings - Port Adelaide
56.2,3--173,L Connors to J Kann : No Run,1st Innings - Port Adelaide
56.1,3--173,L Connors to J Kann : No Run,1st Innings - Port Adelaide
55.6,3--173,M Tanner to Z McCabe : No Run,1st Innings - Port Adelaide
55.5,3--173,M Tanner to Z McCabe : No Run,1st Innings - Port Adelaide
55.4,3--173,M Tanner to Z McCabe : No Run,1st Innings - Port Adelaide
55.3,3--173,M Tanner to J Kann : 1 run,1st Innings - Port Adelaide
55.2,3--172,M Tanner to Z McCabe : 1 run,1st Innings - Port Adelaide
55.1,3--171,M Tanner to Z McCabe : No Run,1st Innings - Port Adelaide
54.6,3--171,L Connors to Z McCabe : 1 run,1st Innings - Port Adelaide
54.5,3--170,L Connors to Z McCabe : No Run,1st Innings - Port Adelaide
54.4,3--170,L Connors to Z McCabe : No Run,1st Innings - Port Adelaide
54.3,3--170,L Connors to Z McCabe : No Run,1st Innings - Port Adelaide
54.1,3--169,L Connors to J Kann : No Run,1st Innings - Port Adelaide
53.6,3--169,M Tanner to Z McCabe : No Run,1st Innings - Port Adelaide
53.5,3--169,M Tanner to Z McCabe : No Run,1st Innings - Port Adelaide
53.4,3--169,M Tanner to Z McCabe : No Run,1st Innings - Port Adelaide
53.3,3--169,M Tanner to Z McCabe : No Run,1st Innings - Port Adelaide
53.2,3--169,M Tanner to Z McCabe : No Run,1st Innings - Port Adelaide
53.1,3--169,M Tanner to Z McCabe : No Run,1st Innings - Port Adelaide
52.6,3--169,L Connors to Z McCabe : 3 runs,1st Innings - Port Adelaide
52.5,3--166,L Connors to Z McCabe : No Run,1st Innings - Port Adelaide
52.4,3--166,L Connors to Z McCabe : No Run,1st Innings - Port Adelaide
52.3,3--166,L Connors to Z McCabe : No Run,1st Innings - Port Adelaide
52.2,3--166,L Connors to Z McCabe : No Run,1st Innings - Port Adelaide
52.1,3--166,L Connors to Z McCabe : No Run,1st Innings - Port Adelaide
51.6,3--166,M Tanner to J Kann : No Run,1st Innings - Port Adelaide
51.5,3--166,M Tanner to J Kann : No Run,1st Innings - Port Adelaide
51.4,3--166,M Tanner to J Kann : No Run,1st Innings - Port Adelaide
51.3,3--166,M Tanner to J Kann : No Run,1st Innings - Port Adelaide
51.2,3--166,M Tanner to J Kann : 4 runs,1st Innings - Port Adelaide
51.1,3--162,M Tanner to J Kann : No Run,1st Innings - Port Adelaide
50.6,3--162,L Connors to Z McCabe : No Run,1st Innings - Port Adelaide
50.5,3--162,L Connors to Z McCabe : No Run,1st Innings - Port Adelaide
50.4,3--162,L Connors to J Kann : 1 run,1st Innings - Port Adelaide
50.3,3--161,L Connors to J Kann : No Run,1st Innings - Port Adelaide
50.2,3--161,L Connors to J Kann : 4 runs,1st Innings - Port Adelaide
50.1,3--157,L Connors to J Kann : No Run,1st Innings - Port Adelaide
49.6,3--157,M Tanner to J Kann : 1 run,1st Innings - Port Adelaide
49.5,3--156,M Tanner to J Kann : No Run,1st Innings - Port Adelaide
49.4,3--156,M Tanner to Z McCabe : 1 run,1st Innings - Port Adelaide
49.3,3--155,M Tanner to J Kann : 1 run,1st Innings - Port Adelaide
49.2,3--154,M Tanner to J Kann : No Run,1st Innings - Port Adelaide
49.1,3--154,M Tanner to J Kann : No Run,1st Innings - Port Adelaide
48.6,3--154,C Behrendt to Z McCabe : No Run,1st Innings - Port Adelaide
48.5,3--154,C Behrendt to Z McCabe : No Run,1st Innings - Port Adelaide
48.4,3--154,C Behrendt to Z McCabe : No Run,1st Innings - Port Adelaide
48.3,3--154,C Behrendt to Z McCabe : 4 runs,1st Innings - Port Adelaide
48.2,3--150,C Behrendt to Z McCabe : No Run,1st Innings - Port Adelaide
48.1,3--150,C Behrendt to Z McCabe : No Run,1st Innings - Port Adelaide
47.6,3--150,M Tanner to J Kann : No Run,1st Innings - Port Adelaide
47.5,3--150,M Tanner to J Kann : No Run,1st Innings - Port Adelaide
47.4,3--150,M Tanner to J Kann : 4 runs,1st Innings - Port Adelaide
47.3,3--146,M Tanner to J Kann : No Run,1st Innings - Port Adelaide
47.2,3--146,M Tanner to J Kann : 6 runs,1st Innings - Port Adelaide
47.1,3--140,M Tanner to J Kann : No Run,1st Innings - Port Adelaide
46.6,3--140,C Behrendt to Z McCabe : No Run,1st Innings - Port Adelaide
46.5,3--140,C Behrendt to Z McCabe : No Run,1st Innings - Port Adelaide
46.4,3--140,C Behrendt to Z McCabe : No Run,1st Innings - Port Adelaide
46.3,3--140,C Behrendt to J Kann : 1 run,1st Innings - Port Adelaide
46.2,3--139,C Behrendt to J Kann : No Run,1st Innings - Port Adelaide
46.1,3--139,C Behrendt to J Kann : No Run,1st Innings - Port Adelaide
45.6,3--139,M Tanner to Z McCabe : No Run,1st Innings - Port Adelaide
45.5,3--139,M Tanner to Z McCabe : No Run,1st Innings - Port Adelaide
45.4,3--139,M Tanner to Z McCabe : No Run,1st Innings - Port Adelaide
45.3,3--139,M Tanner to Z McCabe : No Run,1st Innings - Port Adelaide
45.2,3--139,M Tanner to Z McCabe : No Run,1st Innings - Port Adelaide
45.1,3--139,M Tanner to Z McCabe : No Run,1st Innings - Port Adelaide
44.6,3--139,C Behrendt to J Kann : No Run,1st Innings - Port Adelaide
44.5,3--139,C Behrendt to J Kann : No Run,1st Innings - Port Adelaide
44.4,3--139,C Behrendt to J Kann : No Run,1st Innings - Port Adelaide
44.3,3--139,C Behrendt to J Kann : No Run,1st Innings - Port Adelaide
44.2,3--139,C Behrendt to J Kann : No Run,1st Innings - Port Adelaide
44.1,3--139,C Behrendt to J Kann : No Run,1st Innings - Port Adelaide
43.6,3--139,M Tanner to Z McCabe : No Run,1st Innings - Port Adelaide
43.5,3--139,M Tanner to Z McCabe : No Run,1st Innings - Port Adelaide
43.4,3--139,M Tanner to Z McCabe : No Run,1st Innings - Port Adelaide
43.3,3--139,M Tanner to Z McCabe : No Run,1st Innings - Port Adelaide
43.2,3--139,M Tanner to Z McCabe : No Run,1st Innings - Port Adelaide
43.1,3--139,M Tanner to Z McCabe : No Run,1st Innings - Port Adelaide
42.6,3--139,C Behrendt to J Kann : No Run,1st Innings - Port Adelaide
42.5,3--139,C Behrendt to J Kann : No Run,1st Innings - Port Adelaide
42.4,3--139,C Behrendt to Z McCabe : 1 run,1st Innings - Port Adelaide
42.3,3--138,C Behrendt to Z McCabe : No Run,1st Innings - Port Adelaide
42.2,3--138,C Behrendt to Z McCabe : 4 runs,1st Innings - Port Adelaide
42.1,3--134,C Behrendt to J Kann : 1 run,1st Innings - Port Adelaide
41.6,3--133,A Clarke to Z McCabe : 4 runs,1st Innings - Port Adelaide
41.5,3--129,A Clarke to Z McCabe : No Run,1st Innings - Port Adelaide
41.4,3--129,A Clarke to J Kann : 1 run,1st Innings - Port Adelaide
41.3,3--128,A Clarke to J Kann : No Run,1st Innings - Port Adelaide
41.2,3--128,A Clarke to J Kann : No Run,1st Innings - Port Adelaide
41.1,3--128,A Clarke to J Kann : No Run,1st Innings - Port Adelaide
40.6,3--128,C Behrendt to Z McCabe : No Run,1st Innings - Port Adelaide
40.5,3--128,C Behrendt to J Kann : 3 runs,1st Innings - Port Adelaide
40.4,3--125,C Behrendt to J Kann : No Run,1st Innings - Port Adelaide
40.3,3--125,C Behrendt to Z McCabe : 1 run,1st Innings - Port Adelaide
40.2,3--124,C Behrendt to Z McCabe : 4 runs,1st Innings - Port Adelaide
40.1,3--120,C Behrendt to J Kann : 1lb,1st Innings - Port Adelaide
39.6,3--119,A Clarke to Z McCabe : No Run,1st Innings - Port Adelaide
39.5,3--119,A Clarke to Z McCabe : No Run,1st Innings - Port Adelaide
39.4,3--119,A Clarke to Z McCabe : No Run,1st Innings - Port Adelaide
39.3,3--119,A Clarke to Z McCabe : No Run,1st Innings - Port Adelaide
39.2,3--119,A Clarke to J Kann : 1 run,1st Innings - Port Adelaide
39.1,3--118,A Clarke to Z McCabe : 3 runs,1st Innings - Port Adelaide
38.6,3--115,C Behrendt to T Andrews : T Andrews dismissed,1st Innings - Port Adelaide
38.5,2--115,C Behrendt to T Andrews : No Run,1st Innings - Port Adelaide
38.4,2--115,C Behrendt to T Andrews : No Run,1st Innings - Port Adelaide
38.3,2--115,C Behrendt to T Andrews : 4 runs,1st Innings - Port Adelaide
38.2,2--111,C Behrendt to T Andrews : No Run,1st Innings - Port Adelaide
38.1,2--111,C Behrendt to T Andrews : No Run,1st Innings - Port Adelaide
37.6,2--111,A Clarke to T Andrews : 1 run,1st Innings - Port Adelaide
37.5,2--110,A Clarke to T Andrews : No Run,1st Innings - Port Adelaide
37.4,2--110,A Clarke to T Andrews : No Run,1st Innings - Port Adelaide
37.3,2--110,A Clarke to T Andrews : No Run,1st Innings - Port Adelaide
37.2,2--110,A Clarke to T Andrews : No Run,1st Innings - Port Adelaide
37.1,2--110,A Clarke to T Andrews : No Run,1st Innings - Port Adelaide
36.6,2--110,C Behrendt to Z McCabe : No Run,1st Innings - Port Adelaide
36.5,2--110,C Behrendt to Z McCabe : No Run,1st Innings - Port Adelaide
36.4,2--110,C Behrendt to Z McCabe : No Run,1st Innings - Port Adelaide
36.3,2--110,C Behrendt to Z McCabe : No Run,1st Innings - Port Adelaide
36.2,2--110,C Behrendt to Z McCabe : No Run,1st Innings - Port Adelaide
36.1,2--110,C Behrendt to Z McCabe : No Run,1st Innings - Port Adelaide
35.6,2--110,A Clarke to T Andrews : No Run,1st Innings - Port Adelaide
35.5,2--110,A Clarke to T Andrews : 4 runs,1st Innings - Port Adelaide
35.4,2--106,A Clarke to T Andrews : No Run,1st Innings - Port Adelaide
35.3,2--106,A Clarke to T Andrews : No Run,1st Innings - Port Adelaide
35.2,2--106,A Clarke to T Andrews : No Run,1st Innings - Port Adelaide
35.1,2--106,A Clarke to T Andrews : No Run,1st Innings - Port Adelaide
34.6,2--106,C Behrendt to Z McCabe : No Run,1st Innings - Port Adelaide
34.5,2--106,C Behrendt to Z McCabe : No Run,1st Innings - Port Adelaide
34.4,2--106,C Behrendt to Z McCabe : 4 runs,1st Innings - Port Adelaide
34.3,2--102,C Behrendt to Z McCabe : No Run,1st Innings - Port Adelaide
34.2,2--102,C Behrendt to Z McCabe : No Run,1st Innings - Port Adelaide
34.1,2--102,C Behrendt to Z McCabe : No Run,1st Innings - Port Adelaide
33.6,2--102,A Clarke to T Andrews : 4 runs,1st Innings - Port Adelaide
33.5,2--98,A Clarke to Z McCabe : 3 runs,1st Innings - Port Adelaide
33.4,2--95,A Clarke to Z McCabe : No Run,1st Innings - Port Adelaide
33.3,2--95,A Clarke to Z McCabe : No Run,1st Innings - Port Adelaide
33.2,2--95,A Clarke to Z McCabe : 4 runs,1st Innings - Port Adelaide
33.1,2--91,A Clarke to Z McCabe : No Run,1st Innings - Port Adelaide
32.6,2--91,C Behrendt to T Andrews : No Run,1st Innings - Port Adelaide
32.5,2--91,C Behrendt to T Andrews : No Run,1st Innings - Port Adelaide
32.4,2--91,C Behrendt to T Andrews : No Run,1st Innings - Port Adelaide
32.3,2--91,C Behrendt to T Andrews : No Run,1st Innings - Port Adelaide
32.2,2--91,C Behrendt to T Andrews : No Run,1st Innings - Port Adelaide
32.1,2--91,C Behrendt to I Conway : I Conway dismissed,1st Innings - Port Adelaide
31.6,1--91,M Tanner to Z McCabe : No Run,1st Innings - Port Adelaide
31.5,1--91,M Tanner to Z McCabe : No Run,1st Innings - Port Adelaide
31.4,1--91,M Tanner to Z McCabe : 2 runs,1st Innings - Port Adelaide
31.3,1--89,M Tanner to Z McCabe : No Run,1st Innings - Port Adelaide
31.2,1--89,M Tanner to Z McCabe : No Run,1st Innings - Port Adelaide
31.1,1--89,M Tanner to Z McCabe : No Run,1st Innings - Port Adelaide
30.6,1--89,L Connors to I Conway : No Run,1st Innings - Port Adelaide
30.5,1--89,L Connors to I Conway : No Run,1st Innings - Port Adelaide
30.4,1--89,L Connors to I Conway : No Run,1st Innings - Port Adelaide
30.3,1--89,L Connors to I Conway : No Run,1st Innings - Port Adelaide
30.2,1--89,L Connors to I Conway : No Run,1st Innings - Port Adelaide
30.1,1--89,L Connors to I Conway : No Run,1st Innings - Port Adelaide
29.6,1--89,M Tanner to Z McCabe : No Run,1st Innings - Port Adelaide
29.5,1--89,M Tanner to I Conway : 1 run,1st Innings - Port Adelaide
29.4,1--88,M Tanner to I Conway : No Run,1st Innings - Port Adelaide
29.3,1--88,M Tanner to I Conway : No Run,1st Innings - Port Adelaide
29.2,1--88,M Tanner to I Conway : No Run,1st Innings - Port Adelaide
29.1,1--88,M Tanner to I Conway : No Run,1st Innings - Port Adelaide
28.6,1--88,L Connors to Z McCabe : No Run,1st Innings - Port Adelaide
28.5,1--88,L Connors to Z McCabe : No Run,1st Innings - Port Adelaide
28.4,1--88,L Connors to Z McCabe : No Run,1st Innings - Port Adelaide
28.3,1--88,L Connors to Z McCabe : No Run,1st Innings - Port Adelaide
28.2,1--88,L Connors to Z McCabe : No Run,1st Innings - Port Adelaide
28.1,1--88,L Connors to Z McCabe : No Run,1st Innings - Port Adelaide
27.6,1--88,M Tanner to I Conway : No Run,1st Innings - Port Adelaide
27.5,1--88,M Tanner to I Conway : No Run,1st Innings - Port Adelaide
27.4,1--88,M Tanner to Z McCabe : 1 run,1st Innings - Port Adelaide
27.3,1--87,M Tanner to Z McCabe : No Run,1st Innings - Port Adelaide
27.2,1--87,M Tanner to Z McCabe : No Run,1st Innings - Port Adelaide
27.1,1--87,M Tanner to Z McCabe : No Run,1st Innings - Port Adelaide
26.6,1--87,L Connors to I Conway : No Run,1st Innings - Port Adelaide
26.5,1--87,L Connors to I Conway : No Run,1st Innings - Port Adelaide
26.4,1--87,L Connors to I Conway : 2 runs,1st Innings - Port Adelaide
26.3,1--85,L Connors to Z McCabe : 3 runs,1st Innings - Port Adelaide
26.2,1--82,L Connors to Z McCabe : No Run,1st Innings - Port Adelaide
26.1,1--82,L Connors to Z McCabe : No Run,1st Innings - Port Adelaide
25.6,1--82,M Tanner to I Conway : No Run,1st Innings - Port Adelaide
25.5,1--82,M Tanner to I Conway : No Run,1st Innings - Port Adelaide
25.4,1--82,M Tanner to I Conway : No Run,1st Innings - Port Adelaide
25.3,1--82,M Tanner to I Conway : No Run,1st Innings - Port Adelaide
25.2,1--82,M Tanner to Z McCabe : 1 run,1st Innings - Port Adelaide
25.1,1--81,M Tanner to Z McCabe : No Run,1st Innings - Port Adelaide
24.6,1--81,L Connors to I Conway : No Run,1st Innings - Port Adelaide
24.5,1--81,L Connors to Z McCabe : 1 run,1st Innings - Port Adelaide
24.4,1--80,L Connors to Z McCabe : No Run,1st Innings - Port Adelaide
24.3,1--80,L Connors to Z McCabe : No Run,1st Innings - Port Adelaide
24.2,1--80,L Connors to Z McCabe : No Run,1st Innings - Port Adelaide
24.1,1--80,L Connors to Z McCabe : 4 runs,1st Innings - Port Adelaide
23.6,1--76,M Tanner to I Conway : No Run,1st Innings - Port Adelaide
23.5,1--76,M Tanner to I Conway : No Run,1st Innings - Port Adelaide
23.4,1--76,M Tanner to Z McCabe : 1 run,1st Innings - Port Adelaide
23.3,1--75,M Tanner to Z McCabe : No Run,1st Innings - Port Adelaide
23.2,1--75,M Tanner to Z McCabe : No Run,1st Innings - Port Adelaide
23.1,1--75,M Tanner to Z McCabe : No Run,1st Innings - Port Adelaide
22.6,1--75,L Connors to I Conway : No Run,1st Innings - Port Adelaide
22.5,1--75,L Connors to I Conway : 4 runs,1st Innings - Port Adelaide
22.4,1--71,L Connors to I Conway : No Run,1st Innings - Port Adelaide
22.3,1--71,L Connors to I Conway : No Run,1st Innings - Port Adelaide
22.2,1--71,L Connors to I Conway : No Run,1st Innings - Port Adelaide
22.1,1--71,L Connors to I Conway : No Run,1st Innings - Port Adelaide
21.6,1--71,M Tanner to Z McCabe : No Run,1st Innings - Port Adelaide
21.5,1--71,M Tanner to Z McCabe : No Run,1st Innings - Port Adelaide
21.4,1--71,M Tanner to Z McCabe : No Run,1st Innings - Port Adelaide
21.3,1--71,M Tanner to Z McCabe : No Run,1st Innings - Port Adelaide
21.2,1--71,M Tanner to Z McCabe : No Run,1st Innings - Port Adelaide
21.1,1--71,M Tanner to Z McCabe : No Run,1st Innings - Port Adelaide
20.6,1--71,L Connors to I Conway : No Run,1st Innings - Port Adelaide
20.5,1--71,L Connors to I Conway : No Run,1st Innings - Port Adelaide
20.4,1--71,L Connors to I Conway : No Run,1st Innings - Port Adelaide
20.3,1--71,L Connors to I Conway : No Run,1st Innings - Port Adelaide
20.2,1--71,L Connors to I Conway : No Run,1st Innings - Port Adelaide
20.1,1--71,L Connors to I Conway : No Run,1st Innings - Port Adelaide
19.6,1--71,A Clarke to Z McCabe : No Run,1st Innings - Port Adelaide
19.5,1--71,A Clarke to Z McCabe : No Run,1st Innings - Port Adelaide
19.4,1--71,A Clarke to Z McCabe : No Run,1st Innings - Port Adelaide
19.3,1--71,A Clarke to Z McCabe : No Run,1st Innings - Port Adelaide
19.2,1--71,A Clarke to Z McCabe : No Run,1st Innings - Port Adelaide
19.1,1--71,A Clarke to Z McCabe : No Run,1st Innings - Port Adelaide
18.6,1--71,L Connors to Z McCabe : 1 run,1st Innings - Port Adelaide
18.5,1--70,L Connors to Z McCabe : No Run,1st Innings - Port Adelaide
18.4,1--70,L Connors to Z McCabe : No Run,1st Innings - Port Adelaide
18.3,1--70,L Connors to Z McCabe : No Run,1st Innings - Port Adelaide
18.2,1--70,L Connors to Z McCabe : No Run,1st Innings - Port Adelaide
18.1,1--70,L Connors to Z McCabe : No Run,1st Innings - Port Adelaide
17.6,1--70,A Clarke to I Conway : No Run,1st Innings - Port Adelaide
17.5,1--70,A Clarke to I Conway : No Run,1st Innings - Port Adelaide
17.4,1--70,A Clarke to I Conway : No Run,1st Innings - Port Adelaide
17.3,1--70,A Clarke to I Conway : No Run,1st Innings - Port Adelaide
17.2,1--70,A Clarke to I Conway : No Run,1st Innings - Port Adelaide
17.1,1--70,A Clarke to I Conway : No Run,1st Innings - Port Adelaide
16.6,1--70,L Connors to Z McCabe : No Run,1st Innings - Port Adelaide
16.5,1--70,L Connors to Z McCabe : No Run,1st Innings - Port Adelaide
16.4,1--70,L Connors to Z McCabe : No Run,1st Innings - Port Adelaide
16.3,1--70,L Connors to Z McCabe : 4 runs,1st Innings - Port Adelaide
16.2,1--66,L Connors to Z McCabe : 4 runs,1st Innings - Port Adelaide
16.1,1--62,L Connors to Z McCabe : No Run,1st Innings - Port Adelaide
15.6,1--62,A Clarke to Z McCabe : 1 run,1st Innings - Port Adelaide
15.5,1--61,A Clarke to Z McCabe : No Run,1st Innings - Port Adelaide
15.4,1--61,A Clarke to Z McCabe : No Run,1st Innings - Port Adelaide
15.3,1--61,A Clarke to Z McCabe : No Run,1st Innings - Port Adelaide
15.2,1--61,A Clarke to Z McCabe : No Run,1st Innings - Port Adelaide
15.1,1--61,A Clarke to I Conway : 3 runs,1st Innings - Port Adelaide
14.6,1--58,C Behrendt to Z McCabe : No Run,1st Innings - Port Adelaide
14.5,1--58,C Behrendt to Z McCabe : No Run,1st Innings - Port Adelaide
14.4,1--58,C Behrendt to Z McCabe : No Run,1st Innings - Port Adelaide
14.3,1--58,C Behrendt to Z McCabe : No Run,1st Innings - Port Adelaide
14.2,1--58,C Behrendt to I Conway : 1 run,1st Innings - Port Adelaide
14.1,1--57,C Behrendt to I Conway : 2 runs,1st Innings - Port Adelaide
13.6,1--55,A Clarke to Z McCabe : 2 runs,1st Innings - Port Adelaide
13.5,1--53,A Clarke to Z McCabe : No Run,1st Innings - Port Adelaide
13.4,1--53,A Clarke to I Conway : 1 run,1st Innings - Port Adelaide
13.3,1--52,A Clarke to I Conway : No Run,1st Innings - Port Adelaide
13.2,1--52,A Clarke to I Conway : 2 runs,1st Innings - Port Adelaide
13.1,1--50,A Clarke to N Fernandes : N Fernandes dismissed,1st Innings - Port Adelaide
12.6,0--50,C Behrendt to Z McCabe : No Run,1st Innings - Port Adelaide
12.5,0--50,C Behrendt to N Fernandes : 1 run,1st Innings - Port Adelaide
12.4,0--49,C Behrendt to N Fernandes : 2 runs,1st Innings - Port Adelaide
12.3,0--47,C Behrendt to N Fernandes : No Run,1st Innings - Port Adelaide
12.2,0--47,C Behrendt to N Fernandes : 2 runs,1st Innings - Port Adelaide
12.1,0--45,C Behrendt to Z McCabe : 3 runs,1st Innings - Port Adelaide
11.6,0--42,A Clarke to N Fernandes : 2 runs,1st Innings - Port Adelaide
11.5,0--40,A Clarke to N Fernandes : No Run,1st Innings - Port Adelaide
11.4,0--40,A Clarke to N Fernandes : No Run,1st Innings - Port Adelaide
11.3,0--40,A Clarke to N Fernandes : 4 runs,1st Innings - Port Adelaide
11.2,0--36,A Clarke to N Fernandes : 4 runs,1st Innings - Port Adelaide
11.1,0--32,A Clarke to N Fernandes : No Run,1st Innings - Port Adelaide
10.6,0--32,C Behrendt to Z McCabe : No Run,1st Innings - Port Adelaide
10.5,0--32,C Behrendt to Z McCabe : 2 runs,1st Innings - Port Adelaide
10.4,0--30,C Behrendt to Z McCabe : No Run,1st Innings - Port Adelaide
10.3,0--30,C Behrendt to Z McCabe : No Run,1st Innings - Port Adelaide
10.2,0--30,C Behrendt to Z McCabe : No Run,1st Innings - Port Adelaide
10.1,0--30,C Behrendt to Z McCabe : No Run,1st Innings - Port Adelaide
9.6,0--30,A Clarke to N Fernandes : No Run,1st Innings - Port Adelaide
9.5,0--30,A Clarke to N Fernandes : No Run,1st Innings - Port Adelaide
9.4,0--30,A Clarke to N Fernandes : No Run,1st Innings - Port Adelaide
9.3,0--30,A Clarke to N Fernandes : No Run,1st Innings - Port Adelaide
9.2,0--30,A Clarke to N Fernandes : No Run,1st Innings - Port Adelaide
9.1,0--30,A Clarke to N Fernandes : No Run,1st Innings - Port Adelaide
8.6,0--30,C Behrendt to Z McCabe : 4 runs,1st Innings - Port Adelaide
8.5,0--26,C Behrendt to Z McCabe : No Run,1st Innings - Port Adelaide
8.4,0--26,C Behrendt to Z McCabe : No Run,1st Innings - Port Adelaide
8.3,0--26,C Behrendt to Z McCabe : No Run,1st Innings - Port Adelaide
8.2,0--26,C Behrendt to Z McCabe : No Run,1st Innings - Port Adelaide
8.1,0--26,C Behrendt to Z McCabe : No Run,1st Innings - Port Adelaide
7.6,0--26,A Clarke to N Fernandes : No Run,1st Innings - Port Adelaide
7.5,0--26,A Clarke to N Fernandes : 4 runs,1st Innings - Port Adelaide
7.4,0--22,A Clarke to N Fernandes : 2 runs,1st Innings - Port Adelaide
7.3,0--20,A Clarke to N Fernandes : No Run,1st Innings - Port Adelaide
7.2,0--20,A Clarke to N Fernandes : No Run,1st Innings - Port Adelaide
7.1,0--20,A Clarke to N Fernandes : No Run,1st Innings - Port Adelaide
6.6,0--20,C Behrendt to Z McCabe : No Run,1st Innings - Port Adelaide
6.5,0--20,C Behrendt to Z McCabe : No Run,1st Innings - Port Adelaide
6.4,0--20,C Behrendt to Z McCabe : No Run,1st Innings - Port Adelaide
6.3,0--20,C Behrendt to Z McCabe : No Run,1st Innings - Port Adelaide
6.2,0--20,C Behrendt to Z McCabe : No Run,1st Innings - Port Adelaide
6.1,0--20,C Behrendt to Z McCabe : No Run,1st Innings - Port Adelaide
5.7,0--20,L Connors to N Fernandes : 2 runs,1st Innings - Port Adelaide
5.6,0--18,L Connors to Z McCabe : 1lb,1st Innings - Port Adelaide
5.5,0--17,L Connors to Z McCabe : 1wd,1st Innings - Port Adelaide
5.4,0--16,L Connors to Z McCabe : No Run,1st Innings - Port Adelaide
5.3,0--16,L Connors to Z McCabe : No Run,1st Innings - Port Adelaide
5.2,0--16,L Connors to Z McCabe : No Run,1st Innings - Port Adelaide
5.1,0--16,L Connors to Z McCabe : No Run,1st Innings - Port Adelaide
4.6,0--16,C Behrendt to N Fernandes : No Run,1st Innings - Port Adelaide
4.5,0--16,C Behrendt to N Fernandes : No Run,1st Innings - Port Adelaide
4.4,0--16,C Behrendt to N Fernandes : No Run,1st Innings - Port Adelaide
4.3,0--16,C Behrendt to N Fernandes : 4 runs,1st Innings - Port Adelaide
4.2,0--12,C Behrendt to N Fernandes : No Run,1st Innings - Port Adelaide
4.1,0--12,C Behrendt to N Fernandes : No Run,1st Innings - Port Adelaide
3.6,0--12,L Connors to Z McCabe : No Run,1st Innings - Port Adelaide
3.5,0--12,L Connors to Z McCabe : No Run,1st Innings - Port Adelaide
3.4,0--12,L Connors to Z McCabe : No Run,1st Innings - Port Adelaide
3.3,0--12,L Connors to N Fernandes : 1 run,1st Innings - Port Adelaide
3.2,0--11,L Connors to N Fernandes : 2 runs,1st Innings - Port Adelaide
3.1,0--9,L Connors to N Fernandes : No Run,1st Innings - Port Adelaide
2.6,0--9,C Behrendt to Z McCabe : No Run,1st Innings - Port Adelaide
2.5,0--9,C Behrendt to N Fernandes : 1 run,1st Innings - Port Adelaide
2.4,0--8,C Behrendt to N Fernandes : No Run,1st Innings - Port Adelaide
2.3,0--8,C Behrendt to N Fernandes : No Run,1st Innings - Port Adelaide
2.2,0--8,C Behrendt to N Fernandes : No Run,1st Innings - Port Adelaide
2.1,0--8,C Behrendt to N Fernandes : No Run,1st Innings - Port Adelaide
1.7,0--8,L Connors to Z McCabe : No Run,1st Innings - Port Adelaide
1.6,0--8,L Connors to Z McCabe : No Run,1st Innings - Port Adelaide
1.5,0--8,L Connors to Z McCabe : No Run,1st Innings - Port Adelaide
1.4,0--8,L Connors to Z McCabe : No Run,1st Innings - Port Adelaide
1.3,0--8,L Connors to Z McCabe : 4 runs,1st Innings - Port Adelaide
1.2,0--4,L Connors to Z McCabe : 1wd,1st Innings - Port Adelaide
1.1,0--3,L Connors to N Fernandes : 1 run,1st Innings - Port Adelaide
0.6,0--2,C Behrendt to Z McCabe : No Run,1st Innings - Port Adelaide
0.5,0--2,C Behrendt to Z McCabe : No Run,1st Innings - Port Adelaide
0.4,0--2,C Behrendt to Z McCabe : 2 runs,1st Innings - Port Adelaide
0.3,0--0,C Behrendt to Z McCabe : No Run,1st Innings - Port Adelaide
0.2,0--0,C Behrendt to Z McCabe : No Run,1st Innings - Port Adelaide
0.1,0--0,C Behrendt to Z McCabe : No Run,1st Innings - Port Adelaide